{"cameraMode":{"drawMode":0,"name":"Shaded","section":"Shading Mode"},"sceneLighting":true,"audioPlay":false,"sceneViewState":{"m_AlwaysRefresh":false,"showFog":true,"showSkybox":true,"showFlares":true,"showImageEffects":true,"showParticleSystems":true,"showVisualEffectGraphs":true,"m_FxEnabled":true},"in2DMode":false,"pivot":{"x":-14.569877624511719,"y":2.0263824462890627,"z":37.249637603759769},"rotation":{"x":0.35898640751838686,"y":-0.5642166137695313,"z":0.2971969246864319,"w":0.6815285682678223},"size":65.40373992919922,"orthographic":false}